<?xml version="1.0" encoding="UTF-8"?>
<project-private xmlns="http://www.netbeans.org/ns/project-private/1">
    <editor-bookmarks xmlns="http://www.netbeans.org/ns/editor-bookmarks/2" lastBookmarkId="0"/>
    <open-files xmlns="http://www.netbeans.org/ns/projectui-open-files/2">
        <group>
            <file>file:/Users/andreacarolinaperezconde/Documents/automovilesCaribe/src/Interfaces/InterfazAdmi.java</file>
            <file>file:/Users/andreacarolinaperezconde/Documents/automovilesCaribe/src/Files/Empleados.txt</file>
            <file>file:/Users/andreacarolinaperezconde/Documents/automovilesCaribe/src/automovilescaribe/AutomovilesCaribe.java</file>
            <file>file:/Users/andreacarolinaperezconde/Documents/automovilesCaribe/src/Files/Empleados.txtnew</file>
        </group>
    </open-files>
</project-private>
